Steps,Policy/Entropy,Environment/Episode Length,Self-play/ELO,Policy/Extrinsic Value Estimate,Environment/Cumulative Reward,Policy/Extrinsic Reward,Losses/Value Loss,Losses/Policy Loss,Policy/Learning Rate,Is Training
100000,3.2957773,510.9248434237996,1201.571231402355,0.093733296,-0.04628153642018636,-0.04628153642018636,0.01883962,0.012412101,9.964081e-06,1.0
200000,3.2954042,595.3170028818444,1201.8475798440481,0.074410215,-0.017579204269817898,-0.017579204269817898,0.0050124726,0.013126922,9.9142635e-06,1.0
300000,3.2951696,519.7062937062936,1201.6751418840581,0.050659955,-0.02884218160824109,-0.02884218160824109,0.0035880092,0.013258753,9.866464e-06,1.0
400000,3.294528,478.77251184834125,1201.0231690435642,0.029278701,-0.08606210507844624,-0.08606210507844624,0.0057622343,0.013574594,9.822518e-06,1.0
500000,3.2941244,596.0769230769231,1200.9399828410005,0.014713893,-0.02755034326793191,-0.02755034326793191,0.0046458095,0.012348419,9.779451e-06,1.0
600000,3.2943416,599.0,1200.9399828410005,0.008162003,0.0,0.0,0.0014278495,0.011291847,9.731738e-06,1.0
700000,3.2935607,550.4004914004914,1200.9399828410005,0.0049369596,-0.02242775953532568,-0.02242775953532568,0.002390798,0.0105500845,9.672806e-06,1.0
800000,3.293647,528.2251815980629,1200.8908846007678,0.00025500916,-0.025032706597712652,-0.025032706597712652,0.0036799703,0.01089495,9.619385e-06,1.0
900000,3.2934356,598.0372340425532,1201.7549331222242,-0.001682384,-0.004404576238757836,-0.004404576238757836,0.00090884184,0.011670455,9.574578e-06,1.0
1000000,3.2934794,596.4985754985755,1202.398476981823,-0.0010623166,0.004379229988166672,0.004379229988166672,0.000793493,0.012338054,9.528193e-06,1.0
1100000,3.2939403,545.0278745644599,1200.0609435457534,-0.0030503855,-0.060159334871504044,-0.060159334871504044,0.0018493063,0.011308581,9.474498e-06,1.0
1200000,3.292929,510.90128755364805,1195.9607804472137,-0.008726684,-0.10383555189294008,-0.10383555189294008,0.0050066747,0.011657879,9.420812e-06,1.0
1300000,3.2930365,576.868073878628,1195.8273921534817,-0.013383,-0.032827850022067916,-0.032827850022067916,0.001390683,0.0112870345,9.374287e-06,1.0
1400000,3.2929015,599.0,1196.471308561985,-0.009645693,0.0,0.0,0.000512211,0.012450378,9.329888e-06,1.0
1500000,3.2916481,542.6769230769231,1196.7600107422145,-0.007874445,-0.019120472830695075,-0.019120472830695075,0.0015635797,0.011247472,9.27454e-06,1.0
1600000,3.2915678,530.8776371308016,1195.3911345936754,-0.008085487,-0.06138815062562215,-0.06138815062562215,0.0035983277,0.0133919455,9.217283e-06,1.0
1700000,3.2922852,599.0,1195.5165518287731,-0.0071438234,0.0,0.0,0.00038369282,0.011811189,9.173053e-06,1.0
1800000,3.2921488,599.0,1195.6594138066357,-0.004540213,0.0,0.0,0.00036216885,0.010405552,9.127754e-06,1.0
1900000,3.2911935,466.24,1195.7760434487952,-0.0055700485,-0.023248011867205303,-0.023248011867205303,0.0020318546,0.0113318665,9.083976e-06,1.0
2000000,3.2899787,587.2238267148015,1202.2707285198364,-0.0039068777,-0.02277244539821849,-0.02277244539821849,0.003378576,0.011597466,9.036339e-06,1.0
2100000,3.291141,599.0,1201.4595500879043,-0.004707263,0.0,0.0,0.0006516434,0.011309651,8.977607e-06,1.0
2200000,3.2903724,565.5165876777252,1201.1599736926107,-0.0038920261,-0.06326622503429817,-0.06326622503429817,0.0004931604,0.013247503,8.923742e-06,1.0
2300000,3.2902663,523.8229885057472,1201.9150950294181,-0.004627801,-0.04038113017672116,-0.04038113017672116,0.0027110917,0.01286711,8.879664e-06,1.0
2400000,3.290072,585.0054644808744,1202.1913194846675,-0.004121003,-0.006266664343270642,-0.006266664343270642,0.0029061222,0.012848073,8.8345605e-06,1.0
2500000,3.2910318,595.3214285714286,1201.971069320825,-0.0040482767,-0.005053777894574011,-0.005053777894574011,0.00041756747,0.011642619,8.776453e-06,1.0
2600000,3.28921,562.860103626943,1201.4333990582709,-0.0031970066,-0.0256946732878019,-0.0256946732878019,0.0015044371,0.014118128,8.719599e-06,1.0
2700000,3.289397,531.7494033412888,1200.4481055003932,-0.004980314,-0.061336799044358105,-0.061336799044358105,0.0027441094,0.011487093,8.675127e-06,1.0
2800000,3.289751,578.5530726256983,1203.4905428718293,-0.007737894,0.014544213782845206,0.014544213782845206,0.00077508466,0.011906087,8.626246e-06,1.0
2900000,3.2901697,599.0,1203.4390325930544,-0.0046886997,0.0,0.0,0.00031784538,0.011985129,8.577217e-06,1.0
3000000,3.2885888,534.1912225705329,1204.706964159353,-0.002792683,-0.003587107619513636,-0.003587107619513636,0.0018601645,0.012630683,8.529253e-06,1.0
3100000,3.2881842,524.0495412844036,1203.2327384576968,-0.0035660528,-0.0738997764848358,-0.0738997764848358,0.0035774312,0.013091422,8.4843805e-06,1.0
3200000,3.2890067,599.0,1201.2141208557598,-0.008132321,0.0,0.0,0.0005110464,0.011046904,8.427501e-06,1.0
3300000,3.290001,599.0,1201.3755394092198,-0.005725802,0.0,0.0,0.00019828365,0.012146538,8.372552e-06,1.0
3400000,3.2875717,474.0210526315789,1201.0762712331323,-0.0038936075,-0.06326846937531407,-0.06326846937531407,0.0017542616,0.011473376,8.328668e-06,1.0
3500000,3.287413,584.3738601823708,1199.1547548525366,-0.008592036,-0.02042045858171251,-0.02042045858171251,0.0032355746,0.011952221,8.281394e-06,1.0
3600000,3.2862444,595.5278592375366,1200.631164010057,-0.0073038647,0.005875349044799805,0.005875349044799805,0.0003412885,0.012781691,8.22268e-06,1.0
3700000,3.2872217,545.2032085561498,1200.1828941908939,-0.005875439,-0.06271399858870792,-0.06271399858870792,0.00017089499,0.011409101,8.168125e-06,1.0
3800000,3.2859306,576.8756476683938,1197.575383295896,-0.006480159,-0.030505706181471377,-0.030505706181471377,0.0029650582,0.012348972,8.121825e-06,1.0
3900000,3.2861848,477.3875,1198.480807394375,-0.0070526595,-0.031470451522712134,-0.031470451522712134,0.0030895718,0.009775443,8.073934e-06,1.0
4000000,3.2860398,596.7790055248619,1199.891590839633,-0.006393317,-0.002071700410214727,-0.002071700410214727,0.0007123881,0.013035442,8.0267255e-06,1.0
4100000,3.286121,592.695652173913,1200.2441023997785,-0.004285305,-0.005952380952380952,-0.005952380952380952,0.00016066825,0.015395852,7.979272e-06,1.0
4200000,3.2832422,490.89473684210526,1200.2441023997785,-0.0036739216,-0.030199837393876983,-0.030199837393876983,0.001602867,0.012176506,7.931945e-06,1.0
4300000,3.2835023,593.3825136612022,1200.3524970039605,-0.003377902,0.0031231222068064312,0.0031231222068064312,0.001754026,0.0126058655,7.87449e-06,1.0
4400000,3.2842188,593.3722222222223,1200.5788424227383,-0.00311565,-0.0002123014557929266,-0.0002123014557929266,0.00030368066,0.010647955,7.817767e-06,1.0
4500000,3.2833893,545.3354838709678,1202.002664949236,-0.0027506265,0.010222772537674035,0.010222772537674035,0.0012585552,0.012436641,7.771501e-06,1.0
4600000,3.2828636,528.4357541899441,1202.7052864010316,-0.0027900396,-0.045819918420863026,-0.045819918420863026,0.00077045464,0.01068884,7.72659e-06,1.0
4700000,3.2831008,578.5571776155717,1199.2595780477297,-0.005204928,-0.05199898077153611,-0.05199898077153611,0.002382311,0.010964837,7.680837e-06,1.0
4800000,3.2828429,596.457627118644,1200.2502615940243,-0.004765067,-0.005662334179449938,-0.005662334179449938,0.00052980724,0.013015784,7.6263277e-06,1.0
4900000,3.2817116,540.326164874552,1199.4192355702507,-0.0037077258,0.010714482865939482,0.010714482865939482,0.00021664158,0.012586985,7.5701764e-06,1.0
5000000,3.281757,516.6920152091254,1203.3970723796947,-0.0014938706,0.01161099660514605,0.01161099660514605,0.0041571646,0.012132801,7.5248145e-06,1.0
5100000,3.2825427,594.9923664122138,1203.1444315804868,-0.0017610714,-0.005698250163169135,-0.005698250163169135,0.00096995593,0.012658993,7.4776217e-06,1.0
5200000,3.2809916,595.6213017751479,1203.009411746263,-0.0016987657,0.00566486269235611,0.00566486269235611,0.00021659219,0.012669661,7.4331956e-06,1.0
5300000,3.2775574,526.2701421800948,1202.7458157415251,-0.0032529028,-0.08866136521100998,-0.08866136521100998,0.0017955267,0.0106650395,7.3750452e-06,1.0
5400000,3.278588,531.1111111111111,1201.2069036905118,-0.007582992,-0.07841557542277124,-0.07841557542277124,0.0038746835,0.013169072,7.319082e-06,1.0
5500000,3.279401,596.5730337078652,1200.3568659701375,-0.010164172,-0.011976047904191617,-0.011976047904191617,0.0003028936,0.012854183,7.2738644e-06,1.0
5600000,3.2774394,566.4590163934427,1200.6148307517235,-0.0071350993,-0.006503830353418986,-0.006503830353418986,0.00011762142,0.011782668,7.228373e-06,1.0
5700000,3.273666,474.8818181818182,1204.7159478294382,-0.0037945053,-0.017314244553727924,-0.017314244553727924,0.0033715973,0.011714161,7.1743416e-06,1.0
5800000,3.2754948,584.3710247349824,1208.8504862952045,-0.0051660035,0.005063046427334056,0.005063046427334056,0.0004685088,0.013562246,7.11508e-06,1.0
5900000,3.273972,596.7052023121387,1207.8868830317285,-0.0039689164,-0.005988023952095809,-0.005988023952095809,0.0002029178,0.012472002,7.069647e-06,1.0
6000000,3.2724805,547.5734939759036,1205.9338197851753,-0.0044145235,-0.03834778006012375,-0.03834778006012375,0.0011227451,0.011686142,7.0228834e-06,1.0
6100000,3.267923,507.4403669724771,1205.1247496213055,-0.005586554,-0.03631302773952484,-0.03631302773952484,0.004840906,0.009841736,6.9781427e-06,1.0
6200000,3.264991,588.7940379403794,1205.081915103773,-0.005852527,-0.014104121888177635,-0.014104121888177635,0.00056332373,0.011984595,6.931483e-06,1.0
6300000,3.272542,599.0,1204.5896491976762,-0.004492028,0.0,0.0,9.4781746e-05,0.011923348,6.8729046e-06,1.0
6400000,3.2656238,544.1456953642385,1204.6323887712629,-0.0021072214,-0.010692354723893476,-0.010692354723893476,0.0015141362,0.012232877,6.8182117e-06,1.0
6500000,3.2619522,515.9285714285714,1204.3293384223293,-0.008108513,-0.1437396569401806,-0.1437396569401806,0.0030743158,0.013028052,6.7752117e-06,1.0
6600000,3.2627153,591.1984732824427,1204.3275793169853,-0.009875726,-0.00021301747779169027,-0.00021301747779169027,0.0006408209,0.011538377,6.7286633e-06,1.0
6700000,3.2667708,599.0,1204.3351850901013,-0.0072903843,0.0,0.0,9.145262e-05,0.014059395,6.683619e-06,1.0
6800000,3.260835,527.5693779904307,1204.3372742356064,-0.004337084,-0.026548620934287708,-0.026548620934287708,0.0014014406,0.011972063,6.626567e-06,1.0
6900000,3.2623022,518.6826722338204,1204.3463339708094,-0.0035572243,-0.002739355192711605,-0.002739355192711605,0.003893526,0.0123753315,6.570132e-06,1.0
7000000,3.2676218,598.92,1204.821326879542,-0.004578483,0.00014475095702941158,0.00014475095702941158,0.00010203844,0.012228535,6.5231106e-06,1.0
7100000,3.2699819,558.3913043478261,1204.7907856707398,-0.0031827344,-0.01340150765397332,-0.01340150765397332,7.887671e-05,0.011537049,6.4791607e-06,1.0
7200000,3.2625,517.4736842105264,1208.1979955617667,-0.0019315307,-0.009676271822394394,-0.009676271822394394,0.002934508,0.012100075,6.425133e-06,1.0
7300000,3.2631283,585.5422535211268,1208.35094092869,-0.003973431,-0.015888005144455854,-0.015888005144455854,0.0007893073,0.012863363,6.366925e-06,1.0
7400000,3.2667732,598.7528735632184,1207.5222944913912,-0.004420978,-0.005760313508039463,-0.005760313508039463,0.00017481817,0.010308078,6.320325e-06,1.0
7500000,3.2641134,556.7067307692307,1207.0939976456004,-0.0035160747,-0.06696501357779318,-0.06696501357779318,0.00016602638,0.011853535,6.27547e-06,1.0
7600000,3.2611752,590.7345132743363,1206.828108434294,-0.0055163237,-0.014982115587539221,-0.014982115587539221,0.0020141504,0.010651649,6.226675e-06,1.0
7700000,3.2601898,514.7957244655582,1207.882138000755,-0.0037752918,-0.01549643186890349,-0.01549643186890349,0.0023626653,0.012704832,6.1779297e-06,1.0
7800000,3.261977,599.0,1208.4387002675026,-0.0026122325,0.0,0.0,0.0005366072,0.011073873,6.128639e-06,1.0
7900000,3.2632499,599.0,1208.310971544683,-0.0017509271,0.0,0.0,7.236122e-05,0.011145545,6.081689e-06,1.0
8000000,3.2556756,499.01851851851853,1207.3838243159541,-0.0009015076,-0.05178642772101416,-0.05178642772101416,0.002618527,0.010323779,6.0232164e-06,1.0
8100000,3.2484698,594.6167664670659,1206.3459119093443,-0.004514826,-0.004134509535062881,-0.004134509535062881,0.00019611581,0.010390652,5.9670037e-06,1.0
8200000,3.2571099,593.6629834254144,1206.3611932830363,-0.0030526514,-0.001938332404409136,-0.001938332404409136,7.662703e-05,0.012344868,5.9211043e-06,1.0
8300000,3.2455404,524.3128834355829,1206.3937485878614,-0.002004276,-0.012748612758310083,-0.012748612758310083,0.0020048087,0.009629661,5.874682e-06,1.0
8400000,3.241236,514.383064516129,1206.370001950669,-0.0019000914,-0.05630199802984105,-0.05630199802984105,0.0008105006,0.010431325,5.8303176e-06,1.0
8500000,3.2418723,571.9629629629629,1207.9436416838737,-0.0037751563,0.007042895162725724,0.007042895162725724,0.0023597416,0.011937519,5.775377e-06,1.0
8600000,3.2446094,598.972602739726,1208.6408850931143,-0.0026217254,-0.006024096385542169,-0.006024096385542169,0.00017194168,0.011460844,5.7209954e-06,1.0
8700000,3.241624,524.316513761468,1208.4249474990352,-0.0021393616,-0.009821453967045262,-0.009821453967045262,6.657158e-05,0.0125877205,5.675397e-06,1.0
8800000,3.2382984,484.04415584415585,1210.398049046366,-0.0033800828,-0.026266031989864276,-0.026266031989864276,0.005435957,0.01197979,5.628336e-06,1.0
8900000,3.241454,595.7653631284916,1212.037486244139,-0.0046213353,-0.005988023952095809,-0.005988023952095809,0.000717441,0.0140683,5.5833025e-06,1.0
9000000,3.2500172,594.9071428571428,1210.9562050380143,-0.003908146,-0.005952380952380952,-0.005952380952380952,0.00017689687,0.010724788,5.5237874e-06,1.0
9100000,3.2354279,420.4341085271318,1210.871278496695,0.00058194576,-0.028684293782269513,-0.028684293782269513,0.0029199375,0.013082652,5.4680795e-06,1.0
9200000,3.226823,539.0456621004566,1210.8712784966951,-0.0052412734,-0.07266663306604618,-0.07266663306604618,0.00711186,0.011898272,5.42171e-06,1.0
9300000,3.233378,598.9880597014925,1210.8712784966951,-0.007988268,-0.005988023952095809,-0.005988023952095809,0.00022663354,0.010510718,5.3770823e-06,1.0
9400000,3.2348976,494.98032786885244,1210.871278496695,-0.0032539035,-0.009644252339792993,-0.009644252339792993,0.00015357079,0.009329553,5.3314707e-06,1.0
9500000,3.2313938,431.2599118942731,1207.5210075325087,-0.00070137985,-0.1095840845419013,-0.1095840845419013,0.0057563162,0.013355984,5.2763776e-06,1.0
9600000,3.2293682,576.7736842105263,1202.150913179034,-0.008561955,-0.04046730268960712,-0.04046730268960712,0.0010751189,0.010689823,5.2224505e-06,1.0
9700000,3.2271903,599.0,1202.4559333100374,-0.0064499406,0.0,0.0,0.0002263894,0.012145013,5.1768156e-06,1.0
9800000,3.228516,494.75217391304346,1203.6835138527651,-0.005031178,-0.09510140171373524,-0.09510140171373524,0.0012480943,0.011140459,5.132665e-06,1.0
9900000,3.227877,440.7875,1202.330667401116,-0.01096865,-0.05532614951548369,-0.05532614951548369,0.0060334853,0.011990253,5.0756516e-06,1.0
10000000,3.224881,580.2311688311688,1201.900279766357,-0.008772808,0.009544580135234567,0.009544580135234567,0.00080631603,0.010505706,5.0202516e-06,1.0
10100000,3.2408025,595.7657142857142,1201.9160643800524,-0.0063267946,-0.005952380952380952,-0.005952380952380952,0.0001922798,0.011052081,4.9710893e-06,1.0
10200000,3.231684,483.0869565217391,1201.9291044828713,-0.004217323,-0.008778417706489563,-0.008778417706489563,0.0034350888,0.013734173,4.92568e-06,1.0
10300000,3.2280521,421.1244635193133,1201.9291044828713,0.00058756466,-0.06371325784820621,-0.06371325784820621,0.006113708,0.01124018,4.883324e-06,1.0
10400000,3.2327602,590.0621468926554,1201.926453193293,-0.0072954376,-0.00612426015752307,-0.00612426015752307,0.00078582467,0.011414364,4.823894e-06,1.0
10500000,3.2382317,591.4961832061068,1202.5057431881194,-0.0047336943,0.009753950294994172,0.009753950294994172,0.00038526533,0.011428405,4.7641897e-06,1.0
10600000,3.228125,410.04014598540147,1202.9264346997543,0.0013785448,-0.034918211665549294,-0.034918211665549294,0.0033629362,0.010534752,4.7159742e-06,1.0
10700000,3.2216895,495.65432098765433,1202.9264346997552,-0.0033120008,-0.039232189005071465,-0.039232189005071465,0.008388771,0.011421602,4.670675e-06,1.0
10800000,3.2243893,599.0,1202.8632013434174,-0.008587272,0.0,0.0,0.00016712006,0.011209324,4.6209316e-06,1.0
10900000,3.2268443,455.33898305084745,1202.8248850696996,-0.004210139,-0.030630021289204865,-0.030630021289204865,0.0004852802,0.011280807,4.572898e-06,1.0
11000000,3.2191262,373.2787193973635,1204.1262491147825,-0.0004454254,-0.0819297901221684,-0.0819297901221684,0.0058655515,0.0123284515,4.526787e-06,1.0
11100000,3.2182784,556.3054662379421,1205.1076869586925,-0.00921674,0.0028841750005657754,0.0028841750005657754,0.00854034,0.011753576,4.481971e-06,1.0
11200000,3.220903,592.4641148325359,1205.1076869586925,-0.0077210553,-0.0004378698281282504,-0.0004378698281282504,0.00039178776,0.01077103,4.4254716e-06,1.0
11300000,3.2160509,439.1658986175115,1204.6657081012804,-0.003581155,-0.01541053716625486,-0.01541053716625486,0.0051662647,0.009741266,4.366515e-06,1.0
11400000,3.214413,335.42215568862275,1204.3984408388328,-0.003240566,-0.027284453059457668,-0.027284453059457668,0.015032722,0.010678894,4.324761e-06,1.0
11500000,3.2108426,546.4393063583815,1204.43959415702,-0.01716146,-0.029737904831603334,-0.029737904831603334,0.0018808169,0.012279964,4.2791476e-06,1.0
11600000,3.2216659,594.3333333333334,1203.9803877018064,-0.013683714,-0.012048192771084338,-0.012048192771084338,0.00038091678,0.013234234,4.231809e-06,1.0
11700000,3.2171588,424.23770491803276,1205.2126864584798,-0.00459779,0.003609471490692394,0.003609471490692394,0.004678032,0.012060638,4.175166e-06,1.0
11800000,3.213934,280.965625,1207.526770975547,0.0012302083,-0.05770919613894962,-0.05770919613894962,0.015087901,0.011603877,4.120184e-06,1.0
11900000,3.2123666,576.4560439560439,1206.6587338967377,-0.014187566,-0.01584468730564775,-0.01584468730564775,0.002324469,0.012560651,4.074813e-06,1.0
12000000,3.2149405,514.3675675675676,1206.4603156509747,-0.010118912,-0.05182798393070698,-0.05182798393070698,0.0013259905,0.011739422,4.030717e-06,1.0
12100000,3.2115746,350.69611307420496,1210.7942199931,-0.0007377254,0.011584194403299143,0.011584194403299143,0.0072949864,0.011544466,3.9788797e-06,1.0
12200000,3.2085948,311.1677255400254,1212.3616117769702,0.0066235387,0.02186545863580168,0.02186545863580168,0.018753747,0.011602871,3.927408e-06,1.0
12300000,3.205319,582.4410774410775,1212.5735344594884,-0.020923581,-0.0240916153143721,-0.0240916153143721,0.0020894748,0.012636269,3.8822063e-06,1.0
12400000,3.2081697,388.40343347639487,1212.227148078691,-0.0038838391,0.03258602922001193,0.03258602922001193,0.0037358024,0.011041683,3.827605e-06,1.0
12500000,3.2036736,217.1528384279476,1216.8980742924573,0.006377515,-0.053573678544515085,-0.053573678544515085,0.008540456,0.010378102,3.7759555e-06,1.0
12600000,3.2018144,412.7408906882591,1217.729209395238,-0.028095694,-0.12974844140107514,-0.12974844140107514,0.019936323,0.011026245,3.7236543e-06,1.0
12700000,3.1985896,544.8,1217.526871775051,-0.03202438,-0.00038383091273515123,-0.00038383091273515123,0.0016709036,0.0107315965,3.6694069e-06,1.0
12800000,3.2032921,301.9701986754967,1219.718806610531,0.0006974015,0.08983441225335567,0.08983441225335567,0.008264132,0.00993376,3.6277738e-06,1.0
12900000,3.1962047,188.2026515151515,1227.9834920029177,0.020331874,-0.06593204413851102,-0.06593204413851102,0.023410216,0.012416314,3.576134e-06,1.0
13000000,3.199356,440.5167548500882,1226.616597745846,-0.018900536,-0.06844529977514724,-0.06844529977514724,0.012047205,0.012538631,3.5214873e-06,1.0
13100000,3.1773424,477.3130990415335,1226.220279290768,-0.022493368,-0.025260951783921983,-0.025260951783921983,0.0014372045,0.013378043,3.478189e-06,1.0
13200000,3.1950803,300.7804232804233,1226.9663596570308,-0.0067745936,-0.05496996070297671,-0.05496996070297671,0.01279975,0.011367935,3.4259301e-06,1.0
13300000,3.1928482,179.73265306122448,1237.6208473407369,0.00363948,0.010143538355124724,0.010143538355124724,0.030889258,0.010060002,3.37459e-06,1.0
13400000,3.1904137,429.0275229357798,1239.945562031367,-0.029300464,-0.07843925032699317,-0.07843925032699317,0.008484602,0.011528544,3.331052e-06,1.0
13500000,3.1717818,391.79622641509434,1239.9329467148607,-0.023325108,0.015308905710545622,0.015308905710545622,0.0057673664,0.012297928,3.2753662e-06,1.0
13600000,3.180179,251.96420047732695,1238.4246197348,-9.142946e-05,-0.026547135957857456,-0.026547135957857456,0.019235393,0.00872731,3.222727e-06,1.0
13700000,3.1811073,149.84720121028744,1247.9306856224528,0.034919027,0.04988495102365508,0.04988495102365508,0.032696944,0.011875831,3.1712716e-06,1.0
13800000,3.1872253,476.62869198312234,1250.0120559563898,-0.025058275,0.006997400575929934,0.006997400575929934,0.0061116572,0.011856051,3.1130862e-06,1.0
13900000,3.1611848,288.7913669064748,1251.9582965511124,-0.008224004,0.008585168512893726,0.008585168512893726,0.009617335,0.012171648,3.0700016e-06,1.0
14000000,3.1502302,158.9824,1251.94742125661,0.008384351,-0.1031583086013794,-0.1031583086013794,0.017375298,0.012633605,3.026957e-06,1.0
14100000,3.1749754,181.27454545454546,1251.94742125661,-0.0145303635,-0.057627389197340895,-0.057627389197340895,0.050052494,0.012431429,2.981525e-06,1.0
14200000,3.1732807,409.06995884773664,1250.8114866194915,-0.04686918,-0.11359569221857643,-0.11359569221857643,0.011121596,0.0135324905,2.9258701e-06,1.0
14300000,3.164152,282.89518413597733,1251.8038207658476,-0.020046763,-0.028286874631984375,-0.028286874631984375,0.012290563,0.012806987,2.8731215e-06,1.0
14400000,3.144974,122.3600493218249,1253.9424913480584,-0.00085012894,-0.04347609728574753,-0.04347609728574753,0.039278127,0.01134042,2.8217594e-06,1.0
14500000,3.1680312,267.18569780853517,1260.500709335227,-0.022302685,-0.07726276766117161,-0.07726276766117161,0.024027139,0.011446134,2.7695e-06,1.0
14600000,3.1483767,401.8698795180723,1260.2897917788814,-0.054099314,-0.04697298927510039,-0.04697298927510039,0.0072336546,0.010957902,2.7275491e-06,1.0
14700000,3.1517549,234.04235294117646,1266.438245709953,-0.012031144,-0.043889160436742444,-0.043889160436742444,0.01788162,0.011490357,2.6753135e-06,1.0
14800000,3.1297095,114.93626882966396,1273.62691307689,0.005607682,-0.11238373845366724,-0.11238373845366724,0.046753064,0.010123712,2.624074e-06,1.0
14900000,3.1582644,255.69820971867009,1272.5350038089193,-0.0475828,-0.13210695799049513,-0.13210695799049513,0.025254995,0.012243067,2.5723323e-06,1.0
15000000,3.1323168,300.0664652567976,1270.4493947424335,-0.033751912,-0.04132886721648479,-0.04132886721648479,0.013177102,0.013422133,2.5200225e-06,1.0
15100000,3.144243,233.13583138173303,1274.935910625368,-0.009057047,-0.056857214427330126,-0.056857214427330126,0.02211596,0.0112323295,2.478941e-06,1.0
15200000,3.1351848,123.8385922330097,1277.9637921145613,-0.0001458274,-0.02518310723481355,-0.02518310723481355,0.038484644,0.013068974,2.4259582e-06,1.0
15300000,3.1493347,309.05382436260624,1283.0396962752193,-0.022600079,-0.03881650378829554,-0.03881650378829554,0.01709076,0.011063276,2.3704124e-06,1.0
15400000,3.1120346,257.9940652818991,1282.2849108372784,-0.026542874,-0.07087083602999593,-0.07087083602999593,0.011147933,0.010402962,2.3273933e-06,1.0
15500000,3.098032,134.44384303112315,1281.2276929340196,-0.004171255,-0.06124285299603532,-0.06124285299603532,0.027556973,0.013127998,2.2761078e-06,1.0
15600000,3.1305294,136.03688524590163,1279.7924817935843,-0.015923165,-0.11539613623248278,-0.11539613623248278,0.063399106,0.013136297,2.224787e-06,1.0
15700000,3.1437843,292.7852941176471,1276.0216053125287,-0.05106083,-0.1289631361470503,-0.1289631361470503,0.019717934,0.011364762,2.1822257e-06,1.0
15800000,3.1201153,229.5668202764977,1284.5951027562403,-0.021201963,0.03811419092755395,0.03811419092755395,0.015691152,0.014317543,2.129175e-06,1.0
15900000,3.1066418,114.96976744186047,1302.9721474030434,0.047240574,0.06548034259725335,0.06548034259725335,0.028395059,0.013440793,2.0775012e-06,1.0
16000000,3.1405756,188.25757575757575,1312.7095489864207,0.017921066,-0.0582188308013208,-0.0582188308013208,0.043614343,0.011923703,2.0254163e-06,1.0
16100000,3.1203356,323.1326860841424,1303.0326569194615,-0.023174964,-0.07368953579066255,-0.07368953579066255,0.014161846,0.012681548,1.9677532e-06,1.0
16200000,3.106083,212.2808510638298,1300.1133740029918,-0.022895288,-0.10242579503262296,-0.10242579503262296,0.022828663,0.011898372,1.92603e-06,1.0
16300000,3.089712,88.6893115942029,1299.8490960055487,-0.013235306,-0.09234721627200922,-0.09234721627200922,0.05329786,0.011715901,1.8745471e-06,1.0
16400000,3.1256604,211.8229571984436,1300.139653743497,-0.03765807,-0.07008638350901479,-0.07008638350901479,0.029382706,0.012932355,1.8225865e-06,1.0
16500000,3.1014702,283.21069182389937,1305.0053384166142,-0.028329296,-0.006905725973095009,-0.006905725973095009,0.014540044,0.012220509,1.7795297e-06,1.0
16600000,3.107934,191.81153846153848,1298.372152700542,-0.012720302,-0.06322853390651402,-0.06322853390651402,0.0262146,0.012149654,1.7260278e-06,1.0
16700000,3.0845573,93.61298701298702,1301.9081535539644,0.006112833,-0.04729120816353341,-0.04729120816353341,0.06825681,0.012352513,1.6745637e-06,1.0
16800000,3.1296585,259.56962025316454,1313.5984743049153,-0.030487856,-0.043728242749753204,-0.043728242749753204,0.02440537,0.012405456,1.6227165e-06,1.0
16900000,3.0987024,243.56703910614524,1312.3042248003403,-0.028995933,-0.06296649138340775,-0.06296649138340775,0.01621434,0.011830652,1.5707843e-06,1.0
17000000,3.061362,142.9208633093525,1307.7724405204451,0.0010997985,-0.05814849764323063,-0.05814849764323063,0.023479521,0.012987219,1.5295461e-06,1.0
17100000,3.099915,113.81698221457258,1308.4490810596653,-0.013337608,-0.052968787860543015,-0.052968787860543015,0.05556983,0.013780531,1.4782657e-06,1.0
17200000,3.1153626,280.59580052493436,1308.309595274585,-0.03002269,-0.06674244087239914,-0.06674244087239914,0.0230899,0.012755305,1.426644e-06,1.0
17300000,3.0911791,215.49767441860465,1313.822120868008,-0.015131092,0.01933055262673985,0.01933055262673985,0.017444879,0.012639482,1.3747232e-06,1.0
17400000,3.0504148,95.08888888888889,1313.077675737698,0.0136119705,-0.06854486816069659,-0.06854486816069659,0.042053595,0.010640773,1.3230599e-06,1.0
17500000,3.1039608,144.84256559766763,1312.5416815397848,-0.010883882,-0.06187849759012895,-0.06187849759012895,0.060938373,0.011078283,1.280762e-06,1.0
17600000,3.0908241,290.257225433526,1311.9220766937156,-0.04258135,-0.10647086080382852,-0.10647086080382852,0.020229949,0.011430557,1.224628e-06,1.0
17700000,3.0828633,192.63972736124634,1312.7566470872657,-0.015210518,-0.05229047124910539,-0.05229047124910539,0.025417121,0.012574373,1.1712821e-06,1.0
17800000,3.055108,88.83678990081154,1317.9508231798682,0.008095535,-0.036470520507098314,-0.036470520507098314,0.050599135,0.011219374,1.130232e-06,1.0
17900000,3.1015232,171.75645161290322,1315.0908477039388,-0.021008626,-0.06350613338719106,-0.06350613338719106,0.045987263,0.011222879,1.0788104e-06,1.0
18000000,3.0690951,289.54828660436135,1315.3963569356006,-0.032668382,-0.02953054894230323,-0.02953054894230323,0.013748847,0.011062227,1.0253927e-06,1.0
18100000,3.0734448,190.33013435700576,1318.0511750586402,-0.005235852,0.004488595059284797,0.004488595059284797,0.025473816,0.012195624,9.738609e-07,1.0
18200000,3.0543666,90.44647302904565,1326.2311205117599,0.0136463465,-0.09262696519619276,-0.09262696519619276,0.0754596,0.011257434,9.222968e-07,1.0
18300000,3.0945961,212.59550561797752,1325.4141148382482,-0.02892517,-0.06576420600638797,-0.06576420600638797,0.031688213,0.012005409,8.8130105e-07,1.0
18400000,3.0748386,251.368700265252,1326.3355882511605,-0.019328391,-0.03389540898587564,-0.03389540898587564,0.016893603,0.011447191,8.2771095e-07,1.0
18500000,3.0287519,131.42126245847177,1323.189553771009,0.0062521985,-0.013144660250007233,-0.013144660250007233,0.024493992,0.011593801,7.757063e-07,1.0
18600000,3.0755467,104.88912354804646,1322.0367010601767,0.008007176,-0.0245862744505212,-0.0245862744505212,0.06085679,0.011946746,7.242384e-07,1.0
18700000,3.0971615,249.5639097744361,1330.3926484505646,-0.014256389,-0.00843139629268167,-0.00843139629268167,0.023962395,0.012828175,6.728952e-07,1.0
18800000,3.062254,224.91196388261852,1333.1014662555415,-0.0089644035,-0.05446678453737551,-0.05446678453737551,0.016791284,0.012437174,6.2978756e-07,1.0
18900000,3.026449,96.318359375,1334.617358871527,0.021877915,-0.026404225442092866,-0.026404225442092866,0.043052558,0.012975581,5.782471e-07,1.0
19000000,3.0944424,144.62536443148687,1334.9665301838002,-0.0036155083,-0.06564930805819871,-0.06564930805819871,0.051702097,0.011379637,5.269544e-07,1.0
19100000,3.0912094,305.23939393939395,1340.9151707333358,-0.02341626,0.008003509262712991,0.008003509262712991,0.01910265,0.012660827,4.7548417e-07,1.0
19200000,3.063892,192.45048543689322,1332.2033310995128,-0.011146017,-0.06586202406188817,-0.06586202406188817,0.023232251,0.012164958,4.2397625e-07,1.0
19300000,3.0337803,87.89775784753363,1335.1284874963708,0.016659679,-0.0420316096815099,-0.0420316096815099,0.05728948,0.009995904,3.726052e-07,1.0
19400000,3.0985928,191.64070796460177,1342.0234414917209,-0.0037191529,-0.06836104305672558,-0.06836104305672558,0.032576278,0.011899579,3.2007267e-07,1.0
19500000,3.0444412,294.99675324675326,1342.3509179121918,-0.03964626,-0.075939864558182,-0.075939864558182,0.014167303,0.009946683,2.7887137e-07,1.0
19600000,3.0722983,183.65688073394494,1342.3123226307216,-0.023417035,-0.12737414679106543,-0.12737414679106543,0.027016863,0.011912807,2.2740619e-07,1.0
19700000,3.0390038,78.01350277998411,1345.5743709445326,0.013781756,-0.01970804991230132,-0.01970804991230132,0.07144944,0.011673757,1.7599035e-07,1.0
19800000,3.0909412,237.1946902654867,1344.2128275362747,-0.020511124,-0.1299468004102007,-0.1299468004102007,0.035394225,0.012139869,1.3215663e-07,1.0
19900000,3.0485258,243.6206896551724,1333.4710023724397,-0.024200914,-0.07091592468378198,-0.07091592468378198,0.017704736,0.011385851,7.69606e-08,1.0
20000000,3.025666,128.94285714285715,1327.1648873635531,-0.002957749,-0.0939452560577343,-0.0939452560577343,0.029408649,0.0107740965,2.544066e-08,1.0
